document_id,clean_text,sentiment
1,soaring epicness second part film excellent climax tainted bloated boring technically terrible first half cringe dialogue poorly choreographed action scene unnecessary subplots prop used throughout movie looked like cheap foam much inspiration drawn hollywood movie first attempt nag ashwin average best hope improves significantly second part film focus mahabharata adapt faithfully possible sci fi element movie disappointing whereas character great epic thoroughly exhilarating,neutral
2,good attempt story engaging spoiler,positive
3,understand obsession hero entry people good story stick need star bigger story first hour story skippable completely rest vfx top notch even ending good obsession hero need stop also director invent character kalki reference took mahabharata please respectful part history something mock make serious want hero entry want film useless unfunny comedy,neutral
4,watched kalki hard express disappointment first movie riddled unnecessary comedic dialogue feel completely place especially given supposedly intense theme prabhas usually powerhouse sadly come across clownish character performance awkward forced making difficult take film seriously kyra character add little value screen time dedicated pointless talk drag narrative entire movie feel like overdoing everything action sequence emotional moment supposed comedy jarringly sync rest movie kamal haasan despite legendary actor almost role screen presence feel like used name draw audience real contribution screen additionally set blatantly borrows mad max fury road fails miserably capture essence original end kalki poorly executed overhyped mess one hard pas,neutral
5,unique genre well written story script strong character give movie strong start extravagant visuals detailed crisp vfx give audience much needed thrill however one forgo resemblance vfx shot movie like dune star war mad max black panther transformer although huge kudos team producing movie equivalent scale mentioned movie pro time taken build character explain world stunt crisp bright visuals screenplay direction comedy con music background score unique give much needed grandeur visuals scene repeated use score abruptly high background score stunt editing especially first half,positive
6,tricky justice big story time limit regular movie balance first released part good key flashback context like combat arjun karn spot story gripping visuals amazing thing better prabhas first part maybe could gone usual dubbing sharad kelkar hindi though time given build character first half apart amitabh ji one able justice create connect first half seems boring least hindi action st half well thing might want skip nd half want miss overall good blend indian mythology starwars scifi post apocalyptic movie totally went head prabhas transition kal bhairava karna,positive
7,replica star war movie supream leader look like emperor palpatine technology scene army build already star war series watched lot hollywood movie feel watching kind movie first time good side kalki first movie indian cinema level vfx completely give better competition hollywood science fiction movie story line movie could much better taken hour thing experienced story,neutral
8,buckle roller coaster ride cinematic chaos story idea absolute gem brimming potential character nothing short casting director dream one brimming pizzazz personality ala development seems left microwave bit long coming half baked screenplay flatter week old soda though must admit fizz key moment like interval climax dialogue let say winning literary award onto comedy kind instead tickling funny bone go straight jugular good way world building feel like put together duct tape imagination lacking immersive magic hoped let talk legendary amitabh bachchan stellar always prabhas give bless heart kamal hassan make brief yet dazzling appearance hinting brilliance next instalment saswata chatterjee brings game doubt deepika padukone look fine delivers decent performance telugu dubbing better trailer disha patani scorching enough set screen fire limited screen time rest cast including pashupati shobhana rajendra prasad put decent effort however film sprinkled cameo like confetti surprise party head scratcher treat action scene disappointing soggy french fry cinematography serviceable background music hit right note song miss mark production value respectable direction sail somewhere middling sea mediocrity vfx eye poppingly good though overall mixed bag delight letdown cinematic hotpot ingredient half cooked enjoy surprised leave theater feeling little unsatisfied,neutral
9,majestic scale grandeur vfx great blend sci fi mythology taken eye popping level proud moment indeed indian cinema stand tall mega mountain director nag aswin take u three different never seen world first half bit drag comedy element build editing could better second half elevates peak spectacular action sequence strong story crisp screenplay pre interval climax hair riser giving audience plenty goosebump prabhas usual coolness delivers deepika padukone emotes well bind character kamal getup dialogue delivery stun plenty surprise term star cast sir amitabh bachchan outweighs every character heart whole movie stature voice caring attitude protective nature breathtaking action scene remembered age terrific bgm technical aspect deeper mythological connection strong plot second half make audience go gaga true cinematic triumph giant sea swell box office,positive
10,inspired hollywood movie know deliver spoiler,positive
11,climax stole show spoiler,positive
12,right bat say plot superbly established made feel stake main storyline originates mahabharata creator really needed push boundary execution say able pull extraordinarily shortcoming read find attempted break thought major field without giving spoiler much negative connotation dialogue much say would expect sci fi flick hi fi english vocabulary paired modern hindi archaic style hindi sanksritised generally seen adaptation hindu epic character sorry say chemistry bhairava bujji almost non existent talk stuff bounty work final result many pun attempt make audience laugh left nothing established portrayal prabhas character got bit tiresome start interaction bhairava anyone boring apart exactly formidable force either ashwatthama genuinely feel creator give character power deserved instance ashwatthama power bound plot work last resort bhairava godlike damage human enemy literally stormtroopers time really dumb character deepika padukone appropriately executed according plot complaint remaining character nothing write home nothing gravity main character story execution start first half stretched much lot stretched time going bhairava intro filler interaction others extremely dull many continuity error like skipping somewhat essential bridging scene abruptly changing theme scene altogether apart story pertaining mahabharata told superbly flashback ashwatthama really good character could really feel high stake throughout movie essence plot well planned execution character part fell tad bit short vfx went high hope came surprised disappointed part vfx outstanding place exact opposite like de aged ab looking like came straight motu patlu bad vfx best visible fighting sequence jump scattered across film stress enough say jump flying inorganic cable everyone hovering around film really jump flight heavy given fact human godly stature chiranjeevi involved enemy thrown around protagonist jumping foot come surprise cinematography pretty standard nothing extravagant overall solid setup music absolute treat ear loved ashwatthama theme right announcement bhairava theme thing felt place might also maybe nitpicking much mixing abrupt change tone across scene affected experience bit nevertheless music complimented scene perfectly influence know movie inspired mahabharata would say reference epic sci fi present day story well balanced made sense essence mahabharata depiction conclusion plot extremely good story told really well however lacked department vfx special department named bhairava execution bit miss however even downside intriguing story goosebump moment especially towards end make worthwhile watch,positive
13,kalki movie experience redefines boundary science fiction epic storytelling directed visionary filmmaker nag ashwin film tour de force combine compelling narrative breathtaking visuals stellar performance setting new benchmark indian cinema plot storyline set dystopian future kalki explores theme hope survival eternal battle good evil plot intricately weave together element mythology futuristic science creating tapestry thought provoking emotionally resonant story follows kalki hero prophesied restore balance world teetering brink chaos narrative gripping scene meticulously crafted keep audience edge seat visuals special effect visual effect kalki nothing short spectacular futuristic landscape rendered level detail awe inspiring transporting viewer another world use cgi seamless enhancing storytelling without overwhelming film cinematography equally impressive frame composed like work art use color lighting innovative camera angle add depth dimension viewing experience performance cast kalki delivers performance powerful nuanced prabhas titular role brings perfect blend intensity vulnerability making kalki hero audience root deepika padukone enigmatic strong willed heroine add layer complexity narrative amitabh bachchan pivotal role delivers performance commanding emotionally charged supporting cast including disha patani brings depth authenticity character enhancing overall impact film direction screenplay nag ashwin direction masterful showcasing ability blend genre create cohesive compelling story vision kalki ambitious executes precision flair screenplay tight perfect balance action drama philosophical musing dialogue poignant often leaving lasting impact long credit roll music sound design music santhosh narayananelevates kalki another level score hauntingly beautiful perfectly complementing film tone theme sound design meticulous creating immersive audio experience draw viewer deeper story conclusion kalki cinematic triumph stand every aspect film challenge inspires entertains leaving profound impact audience movie must watch anyone appreciates art filmmaking storytelling nag ashwin crafted masterpiece remembered landmark indian cinema kalki film journey stay long leave theater,positive
14,synopsis death punishment blessing first half movie begin theme depiction instantly immerse however falter middle due pacing editing issue yet last minute regains footing delivers prabhas best since bahubali film also feature numerous impressive cameo second half oh oh movie save best last especially delving history particularly mahabharata reference despite minor flaw inclined overlook film truly special director ashwin crafted sci fi film remarkable one especially given budget constraint amitabh bachchan stand prabhas delivers commendable performance visuals exceptional serve film hallmark background music superb enriching completing cinematic experience however would preferred utilized extensively present slight missed opportunity final verdict kalki splendid film term quality also due director visionary honest approach history,positive
15,kalki ad spoiler,positive
16,overall good movie downside well spoiler,neutral
17,seems like writer cum director able imagine kalki got exhausted decided copy top sci fi movie hollywood character world building mix made khichdi mahabharat tadka good part copied hollywood idea star war black panther alita battle angel dune blade runner mortal engine also wish even convince copying idea bad unless ripoff unfortunately kalki complete ripoff idea lack essence story hand special effect also cheap level feel like movie made low budget unpaid intern work hard ignore also feel like character movie seemingly directionless unaware environment also failed place neither science fiction fantasy fiction distorted logic mythological character involved dystopian society tell audience think much believe happens instead explaining thing movie seem like crafted passion love rather capitalist pov kudos experiment,negative
18,world onto selfish side spoiler,positive
19,movie review kalki ad rating kalki ad combine ancient indian legend futuristic world leaving audience eager sequel kalki kalki set ad city kasi humanity last refuge ruled god king supreme yaskin played kamal haasan story span mahabharata era future focusing kalki vishnu final avatar amitabh bachchan shine ashwathama guarding sum deepika padukone carrying unborn vishnu prabhas bhairava also impress alongside vijay deverakonda brahmanandam rajendra prasad distinct role natural accent kalki ad visually impress influence hollywood epic like avatar star war avenger etc however movie slow paced first half lessens impact fortunately second half gain momentum thrilling action impressive sound effect enhancing cinematic experience despite initial drawback kalki ad remains bold venture indian cinema pushing boundary theme visual splendor released hindi tamil malayalam kannada english dubbed version worth noting language adaptation may affect viewer engagement particularly hindi english version,positive
20,jack master none used many hero director character movie spoof movie kind serious movie making good real story required sci fi movie without strong story making skill graphic good deepika expression st scene last scene thr movie bujji prabhas joke jell well expected linked movie movie length long hr make audience good nap show night show mentioned wish director concentrate content spending money movie,negative
21,kalki ad movie epic dystopian science fiction action film directed written nag ashwin film feature prabhas amitabh bachchan kamal hassan deepika padukone lead role hollywood range visuals absolutely stunning theatrical watch background score impactful place overall great start epic cinematic universe india kalki ad movie epic dystopian science fiction action film directed written nag ashwin film feature prabhas amitabh bachchan kamal hassan deepika padukone lead role,positive
22,kalki cinematic universe welcome spoiler,neutral
23,unique story mixup technology mahabharata watch also say paisa wasool hai bos eagerly wait part role sir amitabh ji appreciated prabhas ki toh baat hi alag hai technology graphic movie high faadu movie bos wearing power goggles watch normal people watch role tech mahindra car also unique stay away nibba nibbi group movie true lover feel movie action story etc thank wonderful movie,positive
24,movie sleepy initial hour literally feel like damm nod amitabhs acting lift bar raise excitement publicising prabhas joke end time redeems worth hyper people created deepika usual glam like mother dragon got next none dialogue direction vfs million idea copied mad max fury sure guess subsided good pickup post interval ending indeed worth part,positive
25,nagashwin dream big manages execute spectacle merging apocalyptic world mahabharata take lot time set thing first half ample pacing issue fact narrative dip majorly impressive beginning however thing set well pre interval block episode first half also test patience drag reason team easily trim minute first half film peak second half especially last minute action block prabhas amitabhbachchan deepikapadukone centre followed extended climax keep edge seat visuals world literally elevated background score finale set thing second installment kalki ad amitabhbachchan ashwatthama highlight kalki roaring screen presence excels deepikapadukone get meaty part soul film delivers fabulous performance lending right emotion prabhas well part though character warranted better arc feel maker saved best prabhas sequel get share elevation moment emerges winner act climax sure greeted seeti taali kamalhaasan terrific cameo spike excitement next installment sawatachatterjee solid villain cameo exciting come across pleasant surprise narrative overall kalki ad ambitious film director nagashwin deserves full mark sticking conviction minute trimming especially first half would elevate experience film enough second half warrant theatrical watch keep audience interested sequel,positive
26,gripping second half lengthy movie spoiler,positive
27,rating first week always rigged production team probably worst movie utter time waste even sit upto interval absolutlely mindless rubbish story go movie complete time waste director know utter rubbish humour funny action sequence may call total joke ability good actor totally wasted pain go thru even whatever saw complete waste time money pls waste audience time like,negative
28,best indian movie nagi combined hindu mythology future great vfx par hollywood good concept script prabhas bachan dusted even disappointment darling nagi smartly added fan based elevation also carefully narrated story without getting bored touch rajamouli rgv dulquer vijay devarakonda superb boosted scene betweeen finally movie deserves due nagi daring attempt imagine kind big movie perfect story extraordinary screenplay everyone watch movie obscene word scene,positive
29,must say start movie good prabhas disaster beginning know baahubali seems like s rajamouli know bring best disha patani contributes little beyond couple ridiculous joke silly song however first hour half real movie begin real drama good action brilliance mr amitabh bachchan elevate film whole new level presence stature class delivery exceptional point movie becomes thrilling incredibly exciting kalki ad mr big deepika others presence limited big one looking forward kamal haasan seriously embodies evil villain additionally notice significant inspiration hollywood movie end worth sitting hour minute,positive
30,kalki ambitious tollywood project kudos actor south coming together trusting director process bit even mean small cameo really applaudable name suggests kalki inspired epic tale mahabharata yet feel like plagiarized science fiction story taken around world pinch indina mythology however visual cinematic treat given cgi vfx used plot amiss storytelling screenplay dialogue keep hooked dragging pointless time character building entire cast biggest letdown prophetic incarnation lord vishnu last avatar imbibed story way supposed underwhelming kalki somewhat bearable one amitabh bachchan performance screen presence acting soul film loved seeing favorite actor brahmanadam small role prabhas usual prabhas swag power nothing new deepika padukone performance disha patni role kinda unnecessary seems like typical beach scene show fit body overall kalki expensive indian film rather disappointing definitely fails deliver theatre housefull far im pretty sure bez take review first instalment kalki cinematic universe hope next one justice one hard pas,negative
31,movie spectacular achievement indian cinema reaching grandeur hollywood production tackling indian mythology particularly mahabharata daunting task film excels vfx effect whole level storyline great creating entirely new universe climax interval scene truly goosebump inducing movie start bit fun comedy though small lag first minute prabhas fan thrilled yet amitabh bachchan sir performance standout truly amitabh bachchan bos additionally kamal hassan deepika padukone delivered outstanding performance movie poised take indian cinema entirely new level excellence spent lot money watch every marvel movie starting iron man spending watch movie worth spent marvel indian marvel believe movie job indian cinema iron man marvel start amazing universe upcoming movie every indian proud movie,positive
32,film feel dragged one definitely could gauge long runtime film also quite unsuccessfully tried indulge masala filmgoers adding unnecessary drama stale humour inadvertently funny hero entrance special mention annoying dialogue hero advanced smart vehicle vexing gimmick extent made immune concern seriousness issue screen dystopian society crumbles depleting resource battle survival have nots plot hard come indian film supported better writing induce required macabre among viewer film excels way handled grand visuals special effect absolute treat big screen rendering kashi shambhala done splendidly gargantuan scale film excels even managed incorporate character indian epic mahabharata futuristic setting film best bit film also thereby glance get kurukshetra war feeling seeing visuals story privy long time euphoric,neutral
33,kalki ad movie review nag ashwin spends r crore sci fi action flick kalki ad brings one valued cast together amitabh bachchan prabhas deepika padukone kamal haasan plenty cameo worth somewhat yes somewhat cast budget kalki dreamed becoming pathbreaking film indian cinema desire typical outdated south masala action flick opinion intermission extent first minute kalki changed last minute extraordinary vision blending mythology call history futuristic cinema big screen spectacle reminds massive budget yet average looking show elevated climax perhaps grandest massiest elevation climax modern indian film period kalki ad deserves seen big screen especially imax film begin end mahabharata ashwattha amitabh bachchan cursed lord krishna immortality attempt kill uttara unborn child krishna tell redemption referring last avatar kalki take place future world darkness take universe cut post apocalyptic world year ad film follows story sum sumathi deepika padukone lab subject happens mother give birth god supreme yaskin kamal haasan proclaimed god complex place presenting dystopian kashi future trying find serum fertilized woman bear power every woman failing dying process sumathi turn healthy even day ashwatthama realizes sign arrives save sumathi child yaskin men hunting every place find bhairava prabhas bounty hunter looking place complex sumathi set immortal ashwatthama win kalki ad screenplay lot issue right beginning first dialogue bad dialogue writer jailed writing outdated type dialogue futuristic film humour even cheaper bhairava bujii try funny end becoming big joke conceptualization whoever wrote dialogue scene illogical defended bhairava desperate nature join complex vital theory bujji seems romantic authentic ashwatthama made fight like local guy mean heck freaking ashwatthama man die immortal powerful want believe fighting like local man getting stopped machine laser bullet must kidding one battle scene bhairava ashwatthama seen running fire mean height stupidity go bhairava roxy disha patani character getting minute pas ai driven world complex bhairava seen enjoying like house nowhere roxy party clothes machine track minute roxy disappeared scene positive kalki world grand grandeur visible eye first scene see place like never seen indian cinema even though attract well beginning interval block entire long climax scene make sure blown away stupendous layout image nag ashwin written terrible first half making kalki magnum opus regular mindless south action movie man kept weapon saved second half use mythology twist climax prabhas character make sure ticket money spent something worthy kalki may hundred problem getting climax right never list action scene prabhas amitabh definitely call big screen extravaganza believe kalki ad belongs amitabh bachchan yes right know saying kalki belongs amitabh bachchan man played biggest role biggest indian movie time indian movie star ever surpass highly doubt salute legend thank god keeping u alive era spreading magic screen screen time action sequence dialogue never seen man magnum opus remember name mr amitabh bachchan prabhas play childish character bhairava certainly leaf furious seriously need avoid scene acting tolerate everything minute next minute show different prabhas read line say prabhas got memorable scene career far kalki climax people really know difference fictional character inspired history mythology realize transformation bhairava great warrior karna something many remember long time yes bahubali gigantic total fiction difference say save loudest cheer prabahs climax kamal haasan fantastic look kalki ad got much game begun yaskin get see really next part ironic realize seeing pregnant deepika reel instagram real life time seen flaunting baby bump reel life present callback value must say disha patani wasted look super fit hot minute presence saswata chatterjee big role surprisingly shobhana good small role well vijay deverakonda dulquer salmaan anny ben s rajamouli mrunal thakur brahmanandam ram gopal varma malvika nair many others small small cameo add stability film kalki ad scope music whatever music pretty dull total waste time make film slow song editing melodramatic score outdated execution necessary stretch film hour mean could easily trimmed minute especially soapy scene song cinematography good production value top class art design nice keeping minute climax aside want ask bag ashwin really man made mahanati kalki ad lack finesse crafting whereas mahanati finesse crafting storytelling kalki far outdated dramatic accepted futuristic film definitely surpass ashwin mahanati term quality acting storyline class overall outcome mass value crowd sentiment high nag certainly need update realize difference magnum opus humdrum mass film kalki could much better bigger big already thankfully see big low nag somehow survives incredible vision climax future cinematic universe want deliver better film sequel let hollywood know never kind history culture use carefully cinema best upcoming extravaganza imagine stunning surprise see next movie kalki franchise go rating,neutral
34,kalki ad larger life sci fi action experience visuals world building nag ashwin never indian cinema however nag ashwin show inexperience building proper drama emotional connect somewhat flat screenplay sana good job bgm certain place others adequate prabhas limited screen time one good job fun character give big fan worthy sequence climax rest cast especially amitabh deepika done take majority screenspace still able manage couple good block especially climax worked well goosebump worthy cameo wasted except vijay deverakondas cameo odd despite flaw movie experienced big screen experience offer,positive
35,derivative yet effective use many sci fi element western inspiration star war marvel even mad max always intrigued movie going integrate mythology visualization part mahabaratha looked almost like afterthought cheaper vfx amithab bhachan de ageing looking like video game character little bit war see still looking like imagine anything tv serial envisioned lot movie filled telugu commercial film trope hero worship comedy lacklustre cameo director talking trapping five year rebel star placing hero worship quip etc written situation clever manner place movie would worked great tone movie different seem place besides editing movie atrocious music feel like meant feel derivative want u think movie listening even lot supporting character felt like give emotional punch given moment clearly supposed sad due way written cramped movie part given focus instead wasting lot time comedy star worship despite issue say love watching especially last act love watching sci fi fantasy love mythology used read lot hindu mythology kid due reading lot like eventually lost belief still love fantastic story interconnected century complex storyline vision combining dream see watching realized really great one thing really appreciated showing mahabaratha part krishna even though still shrouded mystery without revealing face clearly shown dark skinned person described purana instead light skinned person painted blue like lot movie medias used past way use relevance mythical artefact dystopia shown worked really well really action sequence amithabh bhachan prabhas really worked even though editing great stuntwork vfx really good sequence reveals towards end climactic battle really made fully invested movie whole movie really lot world building setting thing etc come next film ended right interested see next part sure everything liked worthwhile recently ponniyin selvan second something similar totally disappointed second part web series also made seem like next season would real deal disappointed cautiously optimistic kamal hassan main antagonist next movie something really look forward played villain role played hero play villain like might something really good hope comedy hero worship reduced next part give u proper intense experience least bit balanced one,positive
36,hat idea nag ashwin bring indian mythology world cinema storyline great felt one movie could made bit detailing character arc origin story technical vfx side scene vfx outstanding scene poor felt scene dialogue rushed place unwanted humour elongated losing grip intense scene overall must watch potential landmark cinema like baahubali looking forward sequel hope atleast consider change required one,positive
37,indian mad max indian matrix batman technology etc mixed lot hero giri totally original storyline expected mahabharata amitabh bachchan made sense kamal hasan failed understand st half around hour useless made little sense big agreed movie got idea however best performance would great movie stick real post mahabharata story hour crazy nonsense action minute aswathama mahabharata kamal hasan anyway spend maximum weekend time pas,negative
38,one best movie combination mythology fact blended perfectly capture audience set ad city kasi humanity last refuge ruled god king supreme yaskin played kamal haasan story span mahabharata era future focusing kalki vishnu final avatar amitabh bachchan shine ashwathama guarding sum deepika padukone carrying unborn vishnu prabhas bhairava also impress alongside vijay deverakonda brahmanandam rajendra prasad distinct role natural accent kalki ad visually impress influence hollywood epic like avatar star war avenger etc however movie slow paced first half lessens impact fortunately second half gain momentum thrilling action impressive sound effect enhancing cinematic experience despite initial drawback kalki ad remains bold venture indian cinema pushing boundary theme visual splendor released hindi tamil malayalam kannada english dubbed version worth noting language adaptation may affect viewer engagement particularly hindi english version,positive
39,nag ashwin definitely vision matter inspired world costume character look style flair conception execution maybe tad inspired whatever seen audience growing marketed pan indian film get go humoungous cast element religion mythology always going play big part question going big frankly enjoy prabhas part first half either seemed telugu cinema esque taste maybe find prabhas carrying seamlessly starry aura way many others scene meant elevate end looking tepid also given anti hero packaging performer already easy like bachchan hand perfect fit look demeanor dialogue delivery everything presence simply light screen playing character ashwatthama call masterstroke kamal haasan play chief thanos like antagonist ace look bound make everyone room go dayummm though actual strength remain seen sequel saswata chatterjee namesake villain one simultaneously serving expository storytelling tool lady deepika padukone shobana disha patani anna ben luckily given sidelining treatment well except disha rightfully seen deepika handle gun fist well bollywood recently relegated mostly quiet mom refreshing change shobana play second meaty female role expected remarkably well anna ben also get nice little action block fact impactful prabhas introductory set piece large chunk first half easily chopped storytelling would remain unaffected feature prabhas bhairava boring rant complex also shambhala quite literally desi wakanda least could personality place nag ashwin heavy scavenging star war mad max avenger dune popular franchise lucky technical team especially visual effect let vfx work look like bachchan de aged face kurukshetra portion instance though constantly distracting sana score lack signature time around guessing asked add anything rock forte let real sequel turn lot better since promise certain kind showdown depend much bhairava bujji b subjected along way hope nag ashwin spends time working dialogue time around fewer attempt cringy humour cameo much,neutral
40,crappy movie adipurush bramhastra crappy seems far better movie really test patience much hype review nd half better first half blah blah blah second half pathetic much hyped action scene amateurish think producer spent lot money budget social medium marketing opposed spending better script screen play called cameo fall flat rgv ssr dulquer devarakonda etc etc sure purpose possibly explains huge budget going salary worthless character amitabh bachan saving grace,negative
41,kalki ad amply suffices expectation term story visuals skeptical say wether become epic sort mahabharatha glimpse rose epic proportion cgi amazing seen level work going indian movie conversion dneg mediocre would suggest watched amitabh bachan screen presence fight scene powerful many goosebump moment prabhas character setting stage yet come aandavar kamalhaasan started menacing wrinkly shrivelled villain mode lot potential upcoming movie deepika much good cameo short perfect annaben character cute shobana good screen time sheer scale nag ashwin created mindblowing super eager see mahabharatha sequence future kalki show telugu atmos need watch tamil hindi mode better understand intricate dialogue,positive
42,kalki ad watched movie th birthday good enough expected visuals stunning writing feel weak need better pacing amitabh bachchan nailed character ashwatthama prabhash mehhh even character bhairava good enough connection mahabharat excellent still lack many place movie make feel bore tired specially prabhas scene disha main plot amazes waste time nag ashwin excellent job direction cinematography vfx shot awesome last minute good contradict original mahabharat still good cameo awesome,positive
43,movie lot improve term dialogue etc simply magnanimity production attempt pushing boundary indian cinema gave star rating moment film begin captivates stunning visuals intricate set design transporting viewer world ancient legend modern aesthetic seamlessly converge attention detail production design commendable showcasing meticulous effort entire creative team kalki ad emerges landmark indian cinema masterfully weaving together mythological grandeur cutting edge science fiction directed visionary nag ashwin film feast eye intellect pushing boundary storytelling visual effect indian film,positive
44,well long time release whereas went movie weekend witness massy action high end graphic powerful casting incredible bgms associated hindu epic mahabharat yeah movie disappointed touched necessary point make massy audience movie classy one best part movie mahabharat sequence cinematography boosted bgms wow know story mahabharata surely get goosebump scene acting performance amitabh bacchan top notch sure really beast inside whole movie certainly overshadowed leading character inside movie prabhas played role decently first half little bit lack writing prabhas character way fought nd half showcased brilliant acting skill course twist climax scene top notch delivery deepika padukon character extremely average though mean potential character utilized sure lack emotion easily noticeable high power character kamal hasan character extremely short somehow impactful could make scary along commander played sashwat chatterjee music good high end graphic surely utilized properly amount invested hi tech gadget easily noticeable say somehow looked attractive according time jump editing somehow could done sharply especially first half hr movie might feel lengthy audience consider screenplay course engaging hr new age cinema overall complete family movie definitely wait next installment side star,positive
45,film masterpiece full entertainer leave negative review aside must watch film sculpted beautifully director actor lived role eagerly waiting second part find reason one wait next part indian filmography moving evolving next phase height sure see kind brilliance future graphic move smooth butter less compared hollywood kudos caption ship entire crew masterpiece,positive
46,movie redeeming quality particularly vfx depiction dystopian world visually impressive however positive end film suffers excessive overacting dialogue painfully weak making difficult connect character story feel forced lacking natural progression depth moreover set prop often appear cheap unconvincing looking outright plastic noticeable lack originality set character design detracts experience despite best effort enjoy movie subpar dialogue poorly developed character made nearly impossible movie ultimately fails deliver coherent engaging narrative leaving disappointed,neutral
47,last min good also action part rest hr min totally disaster proper story forcefully comedy scene never get laughter even smile prabhas last good bahubali deepika cant anything dont get good screen play reference mahabharat infact also forcefully created childish sci fi movie better white gun omg joke complex also big joke amitabh sir acted good power also impact fully showing good action scene without amitabh sir whole movie trash please dont make type movie hollywood movie maker laughing corner wathching,negative
48,film absolutely good everything vfx shot story line twist everything top line nagashwin vision made perfect flaw understand thing course mahabharat portion made movie amazing amitabh bachchan played role simply spectacular stealing every scene concept blending ancient history futuristic dystopia awesome sometimes movie feel slow bit allows u connect character explore motif prabhas delivered solid performance kalki deepika acting everyone else acting outstanding including kamal hassan must watch film,positive
49,firstly appreciate editing vfx team especially editing sequence color full movie right place right color secondly good story story telling director use heroin hero india joke part really huge star play perfect character job well young character amitabh bachchan sir thirdly totally different sci fi movie based hindu ancient good use hindu ancient sci fi favorite character movie bujjhi come point story mahavarat complex understand religion movie lover also total hour minute movie totally look like trailer nd part core story st part good thing greater bad thing use perfect story part give star,positive
50,huge disappointment story bad editing spoiler,negative
51,awesome action sequence really enjoyed rgv rajamouli cameo good character equal importance movie prabhas characterization good disha patani make good partner next part kamal hasan villain hard one beat coming movie amitabh action sequence different planet deepika acting skill good anna ben energetic character vd cameo good impact next part well wish see dulquer coming part also bujji point transform keerthi suresh humanoid look great brhamanandam great,positive
52,vishnu jesus christ film showed atrocity kaliyug show genocide robbery destruction caused turk european india liked film except point cringe forced try hard comedy cringe worthy english word line accent set design character design prop feel childish forgiven considering budget next part focus story action fx please avoid bad comedy unnecessary english hard watch screen fx good bad one forgiven due budget ashwatthama best character karna strong stronger arjun shown film source kurukshetra war another battle called virat battle karna team people stronger karna arjun alone divine chariot hanuman flag krishna yet arjun defeated also karna hero good person straight one villain mahabharat insulted pandavas wife calling prostitute supported publicly made nude killed arjun son cheating retreated came defending duryodhan gandarvas anyway ending well done scene kurukshetra battle best action good overall movie mostly good though perfect hope next part better director listen criticism many people saying,neutral
53,dose really worth hype honest big course better brahmastra adipurush believe want st part nothing gon na happen part total story though making decision easy mentioning positive negative positive graphic yes vfx good visuals really good amitabh bacchan acting strength best part movie brings story movie kamaal hassan cameo roll really looked like deadly villain vision appreciated counting fact indian film negative slow feel boring point want movie end unnecessary character help main plot comedy absolutely zero humor believe one laughed theatre lengthy main plot minute everything preserved part two nothing delivered part justify hype scene vfx looked mediocre,neutral
54,nag ashwin created nice fusion mythology science fiction world story telling even though feel fragmented beginning becomes nice flowing fusion movie progress around hour movie feel like drag required build story fight sequence use mad max type world look like imitation distinct indian attribute heroism larger life action heroic two main protagonist movie hollywood probably ever match casting amitabh bachchan ashwatthama excellent prabhas look stunning hero one else indian cinema pull role like cudos nag ashwin come little experience pull story well real treat prabhas fan wait next instalment,positive
55,big saviour spoiler,positive
56,prabhas latest film kalki nothing short cinematic marvel transcends boundary conventional storytelling epic saga directed visionary filmmaker nag ashwin masterfully blend mythology action drama create mesmerizing experience audience film set alternate reality world mythology futuristic technology collide creating setting awe inspiring thought provoking plot revolves around legendary mythological character like aswathama krishna find complex futuristic world modern ai technology advanced vehicle mankind last hope impending doom movie brilliantly showcase struggle protect world guided supreme god hinting theme destiny duty eternal battle good evil truly set kalki apart audacity dream big impeccable execution cgi visual effect nothing short breathtaking transporting audience vividly realized universe blur line reality fantasy every frame testament painstaking effort creativity gone world building creating visually stunning backdrop complement rich narrative,positive
57,initially inclined rate kalki ad six star powerful performance amitabh bachchan deepika padukone ultimately push film seven delivery coupled visually stunning portrayal mahabharata film standout feature clear say prabhas delivered poor performance asked director fault lie director either failed recognize prabhas true potential simply challenge enough prabhas outstanding baahubali many u always baahubali want see role capture commanding screen presence ability win heart however rest film felt weak never quite reaching wow moment seemed promise like prolonged attempt creating single grand spectacle broken smaller less impactful segment like rollercoaster designed child enough ups down never kind thrill make heart skip beat take breath away come india rich history mythology represent well screen rest world seems better job showcasing mythology going wrong,positive
58,worst movie ever seen nobody waste money time dont know people giving star review super slow nonsensical movie god know maker thinking making nothing wrong making movie based hindu scripture twisting soo much advertising name kalki completely wrong movie dont story line based cameo made rd class movie understand obsession sequel sequel also turn slow tortoise take least part complete,negative
59,kalki ad film cinematic symphony seamlessly blend epic grandeur indian mythology dazzling spectacle futuristic science fiction typical sci fi action flick profound exploration destiny sacrifice eternal struggle good evil set backdrop dystopian future film masterfully weave together ancient indian folklore cutting edge visual effect creating world familiar utterly alien action sequence breathtaking mesmerizing blend high octane choreography cgi wizardry film shy away showcasing sheer scale scope vision leaving audience awestruck sheer ambition kalki ad visual feast story resonates deeply human spirit exploring theme hope courage enduring power faith film character complex nuanced motivation struggle making journey captivating film greatest achievement lie ability seamlessly blend fantastical real creating world feel familiar extraordinary film transcends genre language speaking universal theme resonate within u kalki ad cinematic experience unlike testament power indian filmmaking bold vision future film stay long credit roll leaving pondering nature destiny power hope world brink,positive
60,mahabharata star war sci fi baby would kalki ad except baby sometimes throw tantrum always tell adorable annoying movie start like rush nowhere first half could double cure insomnia stick around treated second half suddenly remembers supposed epic visuals oh spicy extra masala dosa enough cgi make even hollywood jealous dialogue let say seen convincing line whatsapp forward cast mixed bag amitabh bachchan still rock like pro prabhas best look like know going deepika deepika thing sci fi element well indian pizza ketchup strangely familiar also bit sprinkle mahabharata keep desi audience hooked whole lot wait seen star war moment keep guessing end kalki ad like experimental dish mom make bored got many ingredient work still going eat well mom cooking expect leave table entirely satisfied,positive
61,pro maybe visuals mahabharata scene hardly minute combined brave attempt team touching dystopian futuristic setup connecting mythology amitabh role role got decent justice writing cameo nothing else come mind trust want add list wanted like film watching theatre con shall start plot know root many sub plot justice connect character even single impressive scene maker even try impress anywhere writing threat tension anywhere conflict less nonstop action fed point know antagonist want least forget protagonist want protagonist movie even single faceoff scene antagonist v opposite team since protagonist bearing movie hour show part ii mean premium paid watch fir part go bottom line get sci fi genre pointless sometimes rule regulation clearly defined maker show anything audience supposed accept believe without questioning least try bring novelty writing get connect character try impress audience writing instead grand visuals bear movie wallpaperistic visuals junkie,negative
62,kalki ad helmed nag ashwin ambitious project made whopping budget crore rupee scene draw heavy inspiration hollywood blockbuster like dune mad max fury road star war core theme based mahabharata monumental character amitabh bachchan prof biggest megastar india ever produced shining like bright star kamal hassan excels despite limited screen time deepika prabhas apt role bengali pride saswata chatterjee demonstrates one india finest actor rest cast also play role aptly background music enthralling screenplay engaging however editing could crisper vfx cgi film top notch match international standard masterpiece clich word call film masterpiece without doubt best sci fi film india produced date go watch theater possible experience imax pvr pxl,positive
63,good movie nice vision better kfg prabhas starrer big budget film love whole mythology based universe hope carry something meaningful cohesive coming movie acting overall good everyone barring prabhas comedy scene pure cringe action scene ok wish signed better lead movie understand movie maker obsession prabhas remember movie acting left impact including bahubali series special effect good screenplay ok nd half better first overall good climax setting kalki universe watched netflix would better enjoyed better big screen,positive
64,kalki visually stunning narratively ambitious film push boundary contemporary indian cinema directed nag ashwin film star prabhas deepika padukone amitabh bachchan whose performance anchor sprawling sci fi epic set dystopian future kalki explores theme technology power rebellion plot follows titular character kalki prabhas navigates world controlled oppressive regime deepika padukone character add emotional depth amitabh bachchan brings gravitas role wise mentor film production design nothing short spectacular creating believable futuristic world filled intricate detail cutting edge technology special effect top notch seamlessly blending cgi live action create breathtaking visuals nag ashwin direction confident assured skillfully balancing action packed sequence moment introspection character development screenplay occasionally dense thought provoking layered rewarding attentive viewer complex narrative soundtrack rahman enhances film epic scope,positive
65,wonderful story beautiful top notch vfx great action set piece kalki unable rise full glory due draggy first half unnecessary comedy cameo meant fan service make screenplay weak coupled predictable story beat throughout amazing amitha bachchan characterization arguably saving grace film deepika prabhas suffers form characterisation despite still elevate material reminds much recent brahmastra good potential wasted weak screenplay looking forward topart improve writing,positive
66,movie take inspiration classic hollywood film see influence integral part overall creative approach genuinely look forward upcoming project surpassing expectation movie truly unmissable initial part try make prabhas funny come across bit awkward forced fight sequence inclusion character mahabharata incredibly well executed true source material opinion would great creator could ensure stay authentic mahabharata infuse character indian desi cultural reference,positive
67,dont know saw feel bad acting first shut slow fight show indian audience understand concept fighting also wrong called indian masala south indian movie sound boxing flying villain effect expecting movie blow mind instead left mixed feeling everything little sprinkle good acting comedy wont help movie kalki hope second part better combining indian mythology dystopian society felt like copying mad max really adding fight sequence beat bass music adding layer cheesy acting actor show really connect emotionally,neutral
68,giving kalki one star solely presence amitabh bachchan deepika padukone cast member managed bring semblance quality film unfortunately prabhas performance major letdown absolutely effort shown throughout movie every time appeared screen cringeworthy hard watch could done much script overall vision potential completely wasted redeeming part film last scene bearable overall frustrating experience could much,negative
69,prabhas latest film kalki nothing short cinematic marvel transcends boundary conventional storytelling epic saga directed visionary filmmaker nag ashwin masterfully blend mythology action drama create mesmerizing experience audience moment film begin captivates stunning visuals intricate set design transporting viewer world ancient legend modern aesthetic seamlessly converge attention detail production design commendable showcasing meticulous effort entire creative team prabhas titular role kalki delivers performance powerful nuanced portrayal mythological hero imbued sense grandeur gravitas make every scene truly unforgettable physical transformation underwent role remarkable adding layer authenticity character supporting cast including leading lady deepika padukone also shine brightly deepika portrayal character brings depth emotional resonance narrative providing perfect counterbalance prabhas intensity chemistry two lead palpable add layer romantic allure epic tale screenplay kalki another standout element weaving together complex theme good versus evil destiny redemption dialogue profound poetic reflecting film mythological root remaining accessible contemporary audience one overlook film breathtaking action sequence choreographed precision flair scene visually spectacular also integral storytelling enhancing overall impact narrative use cutting edge visual effect elevates film making mythical element come alive screen musical score rahman nothing short masterpiece composition perfectly complement film tone enhancing emotional dramatic beat story track resonates audience leaving lasting impression long credit roll conclusion kalki extraordinary film showcase best indian cinema testament talent dedication everyone involved creation cast crew production team prabhas proven one revered actor industry delivering performance remembered year come kalki movie experience missed,positive
70,kalki flawed yet gripping journey mythology spoiler,positive
71,total waste time money spoiler,negative
72,excellent movie barring scene first half good attempt blend mahabharat plus sci fi plus dystopian world first min pre interval portion first half complete second half spectacular bad prabhas intro portion slow lethargic miss animation episode really good first may carried similar note somehow inconsistent approach could seen line telugu prabhas comic timing good dkrector opted cringe lethargic approach characterization however scene second half prabhas looked good overall inconsistent agree reviewer baradwaj rangan first half sluggish even give allowance world built see much new tension urgency sense scene building towards something exist individual standalone bit disjointed feel maybe commercial decision screenplay try feel casual epic comic dramatic mix always work second half pick non stop action sequence finally kalki take least level exciting video game best stretch fight bhairava ashwathama showcase theme film beautifully bhairava technology hologram ashwathama brute strength traditional action move kalki certainly towering technical achievement wished emotional achievement well,positive
73,honest watched trailer seeing film expectation extremely low anticipated poor vfx confusing storyline overhyped character true expectation first half delivered exactly slow moving filled scene felt unnecessarily dragged action sequence overly long prabhas comedic portrayal bhairava quite hit mark felt character could serious prone mistake would suited role better however amitabh bachchan portrayal ashwathama truly magnificent performance elevated film shining brighter bhairava character standout moment movie undoubtedly belonged ashwathama surprisingly second half film surpassed expectation packed heart pounding action sequence mystery surrounding true wielder bow complex story arc kept riveted throughout film truly shine earns acclaim way historical element seamlessly integrated futuristic context exceptionally well done kept engaged without ever feeling like history misused overplayed overall kalki started slow tedious redeemed end finishing strong surpassing initial expectation,neutral
74,kalki cinematic masterpiece seamlessly weave timeless tale mahabharata futuristic narrative creating thrilling thought provoking experience film clever adaptation ancient epic dystopian world testament ingenuity writer director movie visuals stunning blend traditional indian element futuristic technology creates unique captivating aesthetic special effect top notch bringing fantastical world life way breathtaking believable cast delivers outstanding performance actor bringing depth nuance character chemistry lead palpable making relationship conflict compelling truly set kalki apart however thought provoking theme symbolism film explores complex idea like duty morality nature good evil raising important question consequence action overall kalki must see fan science fiction mythology epic storytelling,positive
75,truly mixed bag mix many hollywood movie maker imagination good enough could refer existing movie wi originality original idea include reference mahabharat impressive prabhas performance boring generous many slo mo action scene cringe still worked extent better vfx comparison indian movie amitabh saved movie otherwise worth deepika looked clueless character probably needed add character review add junk,neutral
76,best indian movie ever ever clymax goosebump recommended movie indian blockbuster provide telugu movie good movie acting level peak especially amitabh bachchan prabhas acting next level amitabh bachchan sir prabhas rivalry goosebump fight scene coming kamal sir extraordinary acting may second part sir big enemy entire cinema coming visual effect graphic next level bgm good song okay prabhas comedy also good remaining charectors also give level best entire cinema good worth watch miss clymax kalki ad,positive
77,first half unwanted comedy sure chose prabhas prabhas become comedy piece comedy best part film acting amitabh deepika many actor film required movie feel like comedy serious mahabharata sequel cgi could much better feel like many scene way much stretched whole movie cut short prabhas dance step also worst sure overrated movie whole something watched theater ott platform seems overall one time watch movie,neutral
78,totally fake review posted movie super flop barely able complete watching entire movie dont know people misleading putting fake review prabhas try change role superhero every movie try actor one going fooled long also look physique bahubali day need good script good director want portrayed another bahubali version vfx cheap quality combo madmax hollywood sci fi movie impress indian get see grand version hollywood blockbuster,negative
79,want say upcoming movie kalki cinematic universe also hold grip like kalki ad definitely bring big change indian cinema hat director whole team like cameo storyline movie also engaging every character justifies long time seen movie like even blink eye second hope upcoming movie cinematic universe also maintain pace connection movie epic awesome every flash back scene amazing,positive
80,positive visuals world building detailing weapon costume vehicle art work top performance interval bang bgm movie introduction deepika padukone performance negative unnecessary cameo prabhas intro scene laggy average song worst song nd half conclusion one time watchable sure boring except place negative compensated movie could really good introduction cinematic universe done really great job kudos entire team finally movie help indian cinema make one step higher sure especially telugu cinema,positive
81,expectational time waster slow paced movie create another part rake money new trend crisp story line unnecessary romatism scene trying make comic light weight action movie failed using amazing concept good star cast join movie interval yet wont worth nothing new story telling regular story vfx movie less mad max fury road set combined lil bit transformer best part would mythological involvement involved characterization nothing else many resource wasted heinous rise ott shut film lie,negative
82,definitely kalki great watch get better representation hinduism medium mark word movie mark new era indian film industry kalki visual marvel epic proportion modern audience history sci fi action grandeur well designed package drama emotion entertainment fantastic beginning pre interval epic climax flipside mass may find tough follow time st half take little long take actual action begin pre interval last overall loved watch family,positive
83,best part movie adaptation representation mahabharat cinematic manner character son dhronacharya amit sir fitable mind say lead could play role ashwatthama much narrative story basic moreover fantastic mixture cgi indian epic may feel boring unnecessary first half go prabhas entry brain rotting eye damaging scene felt cringe enough skip cut star leading role prabhas role roxie ignorance required weapon morphology basic felt like starwar cardboard sheet anyway silly mistake improved next part,positive
84,kalki ad masterpiece seamlessly blending element mahabharata futuristic narrative movie groundbreaking film stand best indian movie well crafted script extraordinary visuals nagi masterfully combine hindu mythology futuristic setting creating unique captivating experience visual effect vfx par hollywood standard enhancing overall viewing experience concept script innovative performance prabhas amitabh bachchan exceptional adding depth story despite high expectation fan disappointment darling prabhas nagi smartly includes fan pleasing moment elevation maintaining carefully narrated story keep audience engaged without dull moment influence notable director rajamouli rgv dulquer vijay devarakonda evident adding special touch boost impact various scene conclusion kalki ad deserves perfect score film daring attempt nagi imagine grand epic movie perfect story extraordinary screenplay set new benchmark indian cinema combining mythology futuristic element stellar performance cohesive unforgettable experience,positive
85,first expression waou also yes want judge perspective one otherwise hollywood also everything smell yeah graphic could better look budget think budget paying shark prabhash best biggest negative point prabhash started getting bored whenever open mouth move body part whatever big super cool except young animated big sure shashwata okayish deepika also okayish overall cool,positive
86,movie started historian plot well known war opening visualisation beyond imagination indian people marvel level vfx great sound great stunt best screenplay well known bollywood actor main lead charchter prabhas aka bhairva got less screen time second half contribution second half stunning revealing true charchter relation history india amazing vfx fight remeber avenger endgame hr long story dosent satisfy indian audience credit also leaving behind mystery,positive
87,film kalki gone good initial first half goosy scene made work come prabhas entry scene workout well happened saaho bahubali story took much time conquer first half interval give u bit boost came second half good fight scene screenplay demanded lady cast revealance mystic thing climax good though overall handover good watch family twice music bgm disappointed bit low high scene,positive
88,go waste money theatre download watch home later story isse achha mahabharat dikha dete good point outstanding vfx animation amitabh bachhan deepika padukone made audience wake sleeping movie bad point whenever prabhas came screen irritating watch cringe comedy director could use actor best story proper illustration happening whole movie loved movie like ganpath craxx movie else waste time money,negative
89,great depiction ancient vedic text well represented modern form prediction kaliyuga really enjoyed movie hard western people decipher movie exactly based veda future world according vedic scripture yugas currently beginning phase th yuga might alive see movie depicts hoping next part movie really well written script epic cinematography south indian movie industry always accustomed watching hollywood might seem cringy movie stepping stone similar movie indian cinema industry people get used also soreads knowledge ancient text make sense present day lost touch reality way prove logically different era different rule understand yuga time hunan also different u like depicted ashwathamma human taller back understand time mean deny never happened proof like ancient saraswati river drying many proof obviously see live written text figure metaphorically movie depicted many thing similar sense relate modern time kaliyuga time amazing depiction ancient sanatan dharma scripture hat south indian cinema,positive
90,another film massive expectation year since theatrical release lot glowing review lot review bashed film arshad warsi fire saying prabhas like joker film dropped online watch feel like criticism unwarranted movie prabhas time think film mind blowing either film somewhere middle tying everything mahabharata phenomenal nag ashwin maker made ep show think love watch knew worldbuilding would praised good watched global film part outside mahabharata anything new well done fosho nothing mind blowing prabhas fine know people upset funny first half joker like get people would type cast hero either upset anything new upset whenever try anything new bruh know expression would made role come across better joker harsh would loved see abhishek bachchan young role ar sr phenomenal film carried entire film shoulder sure agree disha patani deepika anna ben actor care dialogue written way could tell people killed eventually happened come shock surprise kid fanboys film talked little much liking never fan using talkative kid comic relief remember imaikkaa nodigal kid hype scene like one teacher going kick as whatever kid say bruh met guy min ago teacher already asked fought convinced best fighter around whoever wrote dialogue luke bruh calm fanboying dialogue underwhelming music santhosh narayanan interesting choice good clearly making move hit miss lot place get ost sound design black panther head place well done really helped elevate scene classic rule worse villain bigger hero seems taken consideration much cmdr manas bruh evil yaskin fore scene even count villain ok necessarily help elevate hero new height maybe gon na saved part dialogue already hint towards going end could go overall kalki visually good nothing un familiar couple key character one deserve backlash imo necessarily carry entire film everybody else bleh world building around maharabharata interesting still watch part movie neither awesome bad somewhere middle,positive
91,movie torture method get secret would bailed costume lacking acting soundtrack much going seems like movie made indian cinema would futuristic sci fi movie done well gun movie looked like white cardboard made high schoolers acting bad exaggerated every character equally bad scene surprised getting worse every second movie look like made money made passion bad cinematography overall bad art,negative
92,kalki grand vision set director even though movie inspired various hollywood movie commendable director took inspiration used template indian audience story good blend sci fi mythology mahabharat screenplay uneven one major weak point movie movie could tight pacing also uneven run time could shortened minute direction good commendable job helming grand story performance average except amitabh bachchan commendable job overall good cinematic experience definitely give try,positive
93,amazing film lack aspect hope filmmaker consider issue next part spoiler,positive
94,kalki ad thought provoking visually stunning sci fi epic delf intricacy time travel artificial intelligence humanity existence set dystopian future film follows journey kalki brilliant scientist embarks perilous quest prevent catastrophic future film narrative expertly woven seamlessly blending action drama philosophy special effect breathtaking transporting viewer futuristic world neon lit city advanced technology cinematography equally impressive capturing stark contrast desolate future vibrant present cast delivers standout performance bringing depth nuance character lead actor shine kalki conveying sense vulnerability determination resonates deeply set kalki ad apart thought provoking exploration existential question film challenge viewer confront consequence playing time ethic ai development theme timely relevant making deeply unsettling yet fascinating watch overall kalki ad masterpiece science fiction storytelling boasting impressive visuals strong performance narrative linger long credit roll miss cinematic odyssey,positive
95,kalki ad cinematic review spoiler,positive
96,understand negative review really comparing hollywood madmax indian cinema beautifully connected mahabharata scifi actually brilliant people india never grow way behind cinema industry supporting movie vfx good movie brilliant writing good enough acting ya believe bairava character could written better still part people giving star nag aswin movie much dedication hope kalki bigger better,positive
97,good cinema spoiler,neutral
98,digestive close zero iq developer stake holder associated penalized line next generation wd lough may cry watching min clip movie start next min could bear worst clip ever came across girl dancing short skirt hero destroying whole universe one fist sub standard mindset coming level developer silver screen shame el say hopelessly imaginary lowest standard one stature even yr kid may lough,negative
99,well made review required movie complete must watch since beginning movie character built marvellous way story intervowen indian mythology taking future well done script writer background music compelling yes future character shown childish unnecessary comedy character could avoided actually recepie telugu movie ami ji beyond movie heart overall unique experience shall await second part movie must watch spectacle wherein indian cinema proved mettle vi vi hollywood,positive
100,movie heavily influenced several hollywood film like mad max black panther star war etc without quality substance main villain hilarious foolish dialogue written everywhere protagonist acting like joker dancing like bufoon even serious action sequence two type film one original duplicate without brain good example film earn money specialised audience major drawback lack originality quality entertainment satyajit ray truly said fairly backward audience,negative
